{"cameraMode":{"drawMode":0,"name":"Shaded","section":"Shading Mode"},"sceneLighting":true,"audioPlay":false,"sceneViewState":{"showFog":true,"showMaterialUpdate":false,"showSkybox":true,"showFlares":true,"showImageEffects":true,"showParticleSystems":true},"in2DMode":false,"pivot":{"x":45.57779312133789,"y":7.349067211151123,"z":126.02755737304688},"rotation":{"x":0.27948060631752016,"y":0.14851126074790955,"z":-0.04406638815999031,"w":0.9477202296257019},"size":4.179361343383789,"orthographic":false}